<hark_xml version="1.3">
    <positions type="microphone" frame="1" coordinate="cartesian">
        <position x="0.000" y="0.000" z="0.070" id="0"/>
        <position x="0.038" y="0.000" z="0.000" id="1"/>
        <position x="0.019" y="0.032" z="0.000" id="2"/>
        <position x="-0.019" y="0.032" z="0.000" id="3"/>
        <position x="-0.038" y="0.000" z="0.000" id="4"/>
        <position x="-0.019" y="-0.032" z="0.000" id="5"/>
        <position x="0.019" y="-0.032" z="0.000" id="6"/>
    </positions>
</hark_xml>
